EmployeeID,FullName,Position,Department,Date,InTime,OutTime,TotalTime,Status
EID-02,,,,2025-02-03,,,,Absent
EID-06,,,,2025-02-03,,,,Absent
EID-07,,,,2025-02-03,,,,Absent
EID-08,,,,2025-02-03,,,,Absent
EID-09,,,,2025-02-03,,,,Absent
EID-10,,,,2025-02-03,,,,Absent
EID-11,,,,2025-02-03,,,,Absent
EID-02,,,,2025-02-04,,,,Absent
EID-06,,,,2025-02-04,,,,Absent
EID-07,,,,2025-02-04,,,,Absent
EID-08,,,,2025-02-04,,,,Absent
EID-09,,,,2025-02-04,,,,Absent
EID-10,,,,2025-02-04,,,,Absent
EID-11,,,,2025-02-04,,,,Absent
EID-02,,,,2025-02-05,,,,Absent
EID-06,,,,2025-02-05,,,,Absent
EID-07,,,,2025-02-05,,,,Absent
EID-08,,,,2025-02-05,,,,Absent
EID-09,,,,2025-02-05,,,,Absent
EID-10,,,,2025-02-05,,,,Absent
EID-11,,,,2025-02-05,,,,Absent
EID-02,,,,2025-02-06,,,,Absent
EID-06,,,,2025-02-06,,,,Absent
EID-07,,,,2025-02-06,,,,Absent
EID-08,,,,2025-02-06,,,,Absent
EID-09,,,,2025-02-06,,,,Absent
EID-10,,,,2025-02-06,,,,Absent
EID-11,,,,2025-02-06,,,,Absent
EID-02,,,,2025-02-07,,,,Absent
EID-06,,,,2025-02-07,,,,Absent
EID-07,,,,2025-02-07,,,,Absent
EID-08,,,,2025-02-07,,,,Absent
EID-09,,,,2025-02-07,,,,Absent
EID-10,,,,2025-02-07,,,,Absent
EID-11,,,,2025-02-07,,,,Absent
EID-02,,,,2025-02-08,,,,Absent
EID-06,,,,2025-02-08,,,,Absent
EID-07,,,,2025-02-08,,,,Absent
EID-08,,,,2025-02-08,,,,Absent
EID-09,,,,2025-02-08,,,,Absent
EID-10,,,,2025-02-08,,,,Absent
EID-11,,,,2025-02-08,,,,Absent
EID-02,,,,2025-02-09,,,,Absent
EID-06,,,,2025-02-09,,,,Absent
EID-07,,,,2025-02-09,,,,Absent
EID-08,,,,2025-02-09,,,,Absent
EID-09,,,,2025-02-09,,,,Absent
EID-10,,,,2025-02-09,,,,Absent
EID-11,,,,2025-02-09,,,,Absent
EID-02,,,,2025-02-10,,,,Absent
EID-06,,,,2025-02-10,,,,Absent
EID-07,,,,2025-02-10,,,,Absent
EID-08,,,,2025-02-10,,,,Absent
EID-09,,,,2025-02-10,,,,Absent
EID-10,,,,2025-02-10,,,,Absent
EID-11,,,,2025-02-10,,,,Absent
EID-02,,,,2025-02-11,,,,Absent
EID-06,,,,2025-02-11,,,,Absent
EID-07,,,,2025-02-11,,,,Absent
EID-08,,,,2025-02-11,,,,Absent
EID-09,,,,2025-02-11,,,,Absent
EID-10,,,,2025-02-11,,,,Absent
EID-11,,,,2025-02-11,,,,Absent
EID-02,,,,2025-02-12,,,,Absent
EID-06,,,,2025-02-12,,,,Absent
EID-07,,,,2025-02-12,,,,Absent
EID-08,,,,2025-02-12,,,,Absent
EID-09,,,,2025-02-12,,,,Absent
EID-10,,,,2025-02-12,,,,Absent
EID-11,,,,2025-02-12,,,,Absent
EID-02,,,,2025-02-13,,,,Absent
EID-06,,,,2025-02-13,,,,Absent
EID-07,,,,2025-02-13,,,,Absent
EID-08,,,,2025-02-13,,,,Absent
EID-09,,,,2025-02-13,,,,Absent
EID-10,,,,2025-02-13,,,,Absent
EID-11,,,,2025-02-13,,,,Absent
EID-02,,,,2025-02-14,,,,Absent
EID-06,,,,2025-02-14,,,,Absent
EID-07,,,,2025-02-14,,,,Absent
EID-08,,,,2025-02-14,,,,Absent
EID-09,,,,2025-02-14,,,,Absent
EID-10,,,,2025-02-14,,,,Absent
EID-11,,,,2025-02-14,,,,Absent
EID-02,,,,2025-02-15,,,,Absent
EID-06,,,,2025-02-15,,,,Absent
EID-07,,,,2025-02-15,,,,Absent
EID-08,,,,2025-02-15,,,,Absent
EID-09,,,,2025-02-15,,,,Absent
EID-10,,,,2025-02-15,,,,Absent
EID-11,,,,2025-02-15,,,,Absent
EID-02,,,,2025-02-16,,,,Absent
EID-06,,,,2025-02-16,,,,Absent
EID-07,,,,2025-02-16,,,,Absent
EID-08,,,,2025-02-16,,,,Absent
EID-09,,,,2025-02-16,,,,Absent
EID-10,,,,2025-02-16,,,,Absent
EID-11,,,,2025-02-16,,,,Absent
EID-02,,,,2025-02-17,,,,Absent
EID-06,,,,2025-02-17,,,,Absent
EID-07,,,,2025-02-17,,,,Absent
EID-08,,,,2025-02-17,,,,Absent
EID-09,,,,2025-02-17,,,,Absent
EID-10,,,,2025-02-17,,,,Absent
EID-11,,,,2025-02-17,,,,Absent
EID-02,,,,2025-02-18,,,,Absent
EID-06,,,,2025-02-18,,,,Absent
EID-07,,,,2025-02-18,,,,Absent
EID-08,,,,2025-02-18,,,,Absent
EID-09,,,,2025-02-18,,,,Absent
EID-10,,,,2025-02-18,,,,Absent
EID-11,,,,2025-02-18,,,,Absent
EID-02,,,,2025-02-19,,,,Absent
EID-06,,,,2025-02-19,,,,Absent
EID-07,,,,2025-02-19,,,,Absent
EID-08,,,,2025-02-19,,,,Absent
EID-09,,,,2025-02-19,,,,Absent
EID-10,,,,2025-02-19,,,,Absent
EID-11,,,,2025-02-19,,,,Absent
EID-02,,,,2025-02-20,,,,Absent
EID-06,,,,2025-02-20,,,,Absent
EID-07,,,,2025-02-20,,,,Absent
EID-08,,,,2025-02-20,,,,Absent
EID-09,,,,2025-02-20,,,,Absent
EID-10,,,,2025-02-20,,,,Absent
EID-11,,,,2025-02-20,,,,Absent
EID-02,,,,2025-02-21,,,,Absent
EID-06,,,,2025-02-21,,,,Absent
EID-07,,,,2025-02-21,,,,Absent
EID-08,,,,2025-02-21,,,,Absent
EID-09,,,,2025-02-21,,,,Absent
EID-10,,,,2025-02-21,,,,Absent
EID-11,,,,2025-02-21,,,,Absent
EID-02,,,,2025-02-22,,,,Absent
EID-06,,,,2025-02-22,,,,Absent
EID-07,,,,2025-02-22,,,,Absent
EID-08,,,,2025-02-22,,,,Absent
EID-09,,,,2025-02-22,,,,Absent
EID-10,,,,2025-02-22,,,,Absent
EID-11,,,,2025-02-22,,,,Absent
EID-02,,,,2025-02-23,,,,Absent
EID-06,,,,2025-02-23,,,,Absent
EID-07,,,,2025-02-23,,,,Absent
EID-08,,,,2025-02-23,,,,Absent
EID-09,,,,2025-02-23,,,,Absent
EID-10,,,,2025-02-23,,,,Absent
EID-11,,,,2025-02-23,,,,Absent
EID-02,,,,2025-02-24,,,,Absent
EID-06,,,,2025-02-24,,,,Absent
EID-07,,,,2025-02-24,,,,Absent
EID-08,,,,2025-02-24,,,,Absent
EID-09,,,,2025-02-24,,,,Absent
EID-10,,,,2025-02-24,,,,Absent
EID-11,,,,2025-02-24,,,,Absent
EID-02,,,,2025-02-25,,,,Absent
EID-06,,,,2025-02-25,,,,Absent
EID-07,,,,2025-02-25,,,,Absent
EID-08,,,,2025-02-25,,,,Absent
EID-09,,,,2025-02-25,,,,Absent
EID-10,,,,2025-02-25,,,,Absent
EID-11,,,,2025-02-25,,,,Absent
EID-02,,,,2025-02-26,,,,Absent
EID-06,,,,2025-02-26,,,,Absent
EID-07,,,,2025-02-26,,,,Absent
EID-08,,,,2025-02-26,,,,Absent
EID-09,,,,2025-02-26,,,,Absent
EID-10,,,,2025-02-26,,,,Absent
EID-11,,,,2025-02-26,,,,Absent
EID-02,,,,2025-02-27,,,,Absent
EID-06,,,,2025-02-27,,,,Absent
EID-07,,,,2025-02-27,,,,Absent
EID-08,,,,2025-02-27,,,,Absent
EID-09,,,,2025-02-27,,,,Absent
EID-10,,,,2025-02-27,,,,Absent
EID-11,,,,2025-02-27,,,,Absent
EID-02,,,,2025-02-28,,,,Absent
EID-06,,,,2025-02-28,,,,Absent
EID-07,,,,2025-02-28,,,,Absent
EID-08,,,,2025-02-28,,,,Absent
EID-09,,,,2025-02-28,,,,Absent
EID-10,,,,2025-02-28,,,,Absent
EID-11,,,,2025-02-28,,,,Absent
EID-02,,,,2025-03-01,,,,Absent
EID-06,emp6,Operator,electrical,2025-03-01,11:31 PM,11:31 PM,,PRESENT
EID-07,,,,2025-03-01,,,,Absent
EID-08,,,,2025-03-01,,,,Absent
EID-09,,,,2025-03-01,,,,Absent
EID-10,,,,2025-03-01,,,,Absent
EID-11,,,,2025-03-01,,,,Absent
EID-02,emp2,Manager,computer-science,2025-03-02,01:42 PM,01:42 PM,,PRESENT
EID-06,,,,2025-03-02,,,,Absent
EID-07,,,,2025-03-02,,,,Absent
EID-08,,,,2025-03-02,,,,Absent
EID-09,,,,2025-03-02,,,,Absent
EID-10,,,,2025-03-02,,,,Absent
EID-11,,,,2025-03-02,,,,Absent
EID-02,emp2,Manager,computer-science,2025-03-03,09:12 PM,09:14 PM,0.03,PRESENT
EID-06,,,,2025-03-03,,,,Absent
EID-07,emp8,Operator,computer-science,2025-03-03,0.00,0.00,,HOLIDAY
EID-08,emp2,Manager,electrical,2025-03-03,09:49 PM,09:50 PM,0.02,LATE
EID-09,emp2,Supervisor,electrical,2025-03-03,0.00,0.00,,ABSENT
EID-10,emp3,Worker,computer-science,2025-03-03,0.00,0.00,,ABSENT
EID-11,emp2,Operator,computer-science,2025-03-03,0.00,0.00,,ABSENT